INSERT INTO `attractions_province` (name, zh_name) VALUES 
('Anhui', '安徽省'),
('Beijing', '北京市'),
('Chongqing', '重庆市'),
('Fujian', '福建省'),
('Gansu', '甘肃省'),
('Guangdong', '广东省'),
('Guangxi', '广西壮族自治区'),
('Guizhou', '贵州省'),
('Hainan', '海南省'),
('Hebei', '河北省'),
('Heilongjiang', '黑龙江省'),
('Henan', '河南省'),
('Hubei', '湖北省'),
('Hunan', '湖南省'),
('Inner Mongolia', '内蒙古自治区'),
('Jiangsu', '江苏省'),
('Jiangxi', '江西省'),
('Jilin', '吉林省'),
('Liaoning', '辽宁省'),
('Ningxia', '宁夏回族自治区'),
('Qinghai', '青海省'),
('Shaanxi', '陕西省'),
('Shandong', '山东省'),
('Shanghai', '上海市'),
('Shanxi', '山西省'),
('Sichuan', '四川省'),
('Tianjin', '天津市'),
('Tibet', '西藏自治区'),
('Xinjiang', '新疆维吾尔自治区'),
('Yunnan', '云南省'),
('Zhejiang', '浙江省'),
('Hong Kong', '香港特别行政区'),
('Macau', '澳门特别行政区'),
('Taiwan', '台湾省');

INSERT INTO `users_user` (id,password,last_login,is_superuser,username,email,is_staff,is_active,date_joined,gender,phone,role) VALUES (1,'pbkdf2_sha256$150000$LzEedeeU2y4S$PZwFU3qlsMT9hW5PHmPwKXQxaLY5Ot/T4Wc7kKIzZcs=','2024-11-08 14:53:30.773456',1,'fool','123456@qq.com',0,1,'2024-11-08 14:53:28.355002','male','fool','super_admin'),
 (2,'pbkdf2_sha256$150000$pFtuGnTXUFrk$fQRRtjQ/PV4bP/fO/Clha6sxS1TMNGZOJJ4SujpuGRY=','2024-11-11 15:04:24.249249',1,'fool2','123456@qq.com',0,1,'2024-11-08 14:54:11.774271','male','fool','attraction_manager'),
 (3,'pbkdf2_sha256$150000$2XdlDgj7zw1o$jN73gqMmcj6pp8W8TxMZyRf50E2kmCjMwGVhgzuhex0=','2024-11-11 15:04:43.077159',1,'fool3','123456@qq.com',1,1,'2024-11-08 14:54:35.734965','male','fool2','user'),
 (4,'123456','2024-11-11 16:57:28',0,'fool4','28900@qq.com',1,1,'2024-11-11 16:57:18','male','12345345678','user');
 
 
INSERT INTO "main"."attractions_attraction" ("id", "name", "description", "location", "image", "total_price", "manager_id", "province_name_id") VALUES
 (1, '天柱山', '安徽名山', '安徽省安庆市', 'http://tzs.com.cn/uploads/17/image/public/202009/20200930093350_mqxylbr6tm.png', 20, 2, 'Anhui'),
 (2, '武功山', '江西名山', '江西省萍乡市', 'https://img1.baidu.com/it/u=3585732271,2353197828&fm=253&fmt=auto&app=138&f=JPEG?w=800&h=1148', 15, 2, 'Jiangxi'),
 (3, '黄山', '中国著名风景名胜区，以奇松、怪石、云海、温泉、冬雪“五绝”著称于世。', '安徽省黄山市', 'https://tse3-mm.cn.bing.net/th/id/OIP-C.xjjIrwAicqmU1Wdv_1Dl1AHaE8?w=298&h=199&c=7&r=0&o=5&dpr=1.5&pid=1.7', 80, 2, 'Anhui'),
 (4, '九寨沟', '世界自然遗产，以绝美的湖泊、瀑布群、雪山和原始森林闻名。', '四川省阿坝藏族羌族自治州九寨沟县', 'https://tse1-mm.cn.bing.net/th/id/OIP-C.J_E-jUg7p7RHQrAyqPyVagHaE8?w=272&h=181&c=7&r=0&o=5&dpr=1.5&pid=1.7', 120, 2, 'Sichuan'),
 (5, '张家界国家森林公园', '中国第一个国家森林公园，以独特的砂岩峰林地貌著称。', '湖南省张家界市', 'https://tse3-mm.cn.bing.net/th/id/OIP-C.c4-o6Ly385hokpRmGVurIAHaEK?w=324&h=182&c=7&r=0&o=5&dpr=1.5&pid=1.7', 100, 2, 'Hunan'),
 (6, '泰山', '中国五岳之首，世界文化与自然双重遗产。', '山东省泰安市', 'https://tse4-mm.cn.bing.net/th/id/OIP-C.qGnBE7grgaIOt2iJ4JVY3AHaE8?w=286&h=191&c=7&r=0&o=5&dpr=1.5&pid=1.7', 90, 2, 'Shandong'),
 (7, '华山', '中国五岳之一，以险峻著称。', '陕西省渭南市华阴市', 'https://tse4-mm.cn.bing.net/th/id/OIP-C.zv6tBBEF-mHzGwj_9bw2gAHaE7?w=270&h=180&c=7&r=0&o=5&dpr=1.5&pid=1.7', 110, 2, 'Shaanxi'),
 (8, '西湖', '世界文化遗产，中国十大风景名胜之一。', '浙江省杭州市', 'https://tse1-mm.cn.bing.net/th/id/OIP-C.Ltwg5DrGKW0f3Yv9F4EdXQHaEi?w=242&h=180&c=7&r=0&o=5&dpr=1.5&pid=1.7', 60, 2, 'Zhejiang'),
 (9, '丽江古城', '世界文化遗产，拥有独特的纳西族文化和美丽的自然风光。', '云南省丽江市', 'https://tse1-mm.cn.bing.net/th/id/OIP-C.7O8wmbDCEI0AnDTwKDejXwHaE8?w=279&h=186&c=7&r=0&o=5&dpr=1.5&pid=1.7', 75, 2, 'Yunnan'),
 (10, '鼓浪屿', '中国最美五大城区之首，拥有众多历史建筑和美丽的海景。', '福建省厦门市', 'https://tse2-mm.cn.bing.net/th/id/OIP-C.fu9Y3q4c_Ti749PUrzF9xAHaEZ?w=267&h=180&c=7&r=0&o=5&dpr=1.5&pid=1.7', 50, 2, 'Fujian'),
 (11, '井冈山', '井冈山烈士陵园井冈山革命烈士陵园是茨坪中心景区新辟的主要革命人文景观。它位于茨坪北面的北岩峰上。陵园于1987年始建,同年10月建成并开放参观游览。
add-超级美', '江西省赣州市', 'https://tse1-mm.cn.bing.net/th/id/OIP-C.Pt9ClBhCZHCcr_Ueg8KsGAHaEK?w=234&h=180&c=7&r=0&o=5&dpr=1.5&pid=1.7', 15, 2, 'Jiangxi'),
 (12, '玉龙雪山', '中国最南的雪山，以冰川景观和纳西文化闻名。', '云南省丽江市', 'https://tse2-mm.cn.bing.net/th/id/OIP-C.B-t-pqeKdiYUIYYg_5DeaAHaE8?w=268&h=180&c=7&r=0&o=5&dpr=1.5&pid=1.7', 100, 2, 'Yunnan'),
 (13, '大理古城', '著名的历史文化名城，融合白族文化和自然景观。', '云南省大理市', 'https://tse3-mm.cn.bing.net/th/id/OIP-C.AmE4259iyp-IFe0FaUjwHgHaE8?w=257&h=180&c=7&r=0&o=5&dpr=1.5&pid=1.7', 50, 2, 'Yunnan'),
 (14, '壶口瀑布', '中国第二大瀑布，黄河上的奇观。', '山西省吕梁市', 'https://tse4-mm.cn.bing.net/th/id/OIP-C.L-xL6t2P3FbaYK9urq-k4AHaE8?w=270&h=180&c=7&r=0&o=5&dpr=1.5&pid=1.7', 40, 2, 'Shanxi'),
 (15, '嵩山少林寺', '中国佛教禅宗祖庭和少林武术发源地。', '河南省郑州市登封市', 'https://tse2-mm.cn.bing.net/th/id/OIP-C.Hh3isIYRhRZyxJZdgF5aQAHaEd?w=257&h=180&c=7&r=0&o=5&dpr=1.5&pid=1.7', 80, 2, 'Henan'),
 (16, '布达拉宫', '世界文化遗产，是藏传佛教圣地和西藏的象征。', '西藏自治区拉萨市', 'https://tse4-mm.cn.bing.net/th/id/OIP-C.8wlKdRRa9bjNYdz2jJ_j9wHaES?w=295&h=180&c=7&r=0&o=5&dpr=1.5&pid=1.7', 150, 2, 'Tibet'),
 (17, '喀纳斯湖', '中国唯一的南西伯利亚区系动植物分布区，风景如画。', '新疆维吾尔自治区阿勒泰地区', 'https://tse1-mm.cn.bing.net/th/id/OIP-C.gtX-d2Z-YYDRtme77kytAwHaEw?w=299&h=192&c=7&r=0&o=5&dpr=1.5&pid=1.7', 120, 2, 'Xinjiang'),
 (18, '天山天池', '世界自然遗产，以湖光山色和草原风光著称。', '新疆维吾尔自治区昌吉回族自治州', 'https://tse4-mm.cn.bing.net/th/id/OIP-C.UjbIUV7YMKuImlrx738QTgHaEq?w=271&h=180&c=7&r=0&o=5&dpr=1.5&pid=1.7', 100, 2, 'Xinjiang'),
 (19, '云冈石窟', '中国三大石窟之一，以精美的佛教雕刻闻名。', '山西省大同市', 'https://tse4-mm.cn.bing.net/th/id/OIP-C.CKHAFghKty9caaLhrFbtsgHaE5?w=234&h=180&c=7&r=0&o=5&dpr=1.5&pid=1.7', 60, 2, 'Shanxi'),
 (20, '承德避暑山庄', '世界文化遗产，是清代皇帝夏季避暑和处理政务的场所。', '河北省承德市', 'https://tse2-mm.cn.bing.net/th/id/OIP-C.0uu5EdmdEkKuL6HR6kukdwHaE8?w=243&h=180&c=7&r=0&o=5&dpr=1.5&pid=1.7', 70, 2, 'Hebei'),
 (21, '南岳衡山', '中国五岳之一，以佛教、道教文化和自然景观著称。', '湖南省衡阳市', 'https://tse3-mm.cn.bing.net/th/id/OIP-C.5jXadUT1xX8gzF24bYKb9AHaEK?w=258&h=180&c=7&r=0&o=5&dpr=1.5&pid=1.7', 85, 2, 'Hunan'),
 (22, '长白山天池', '中国与朝鲜边界的活火山湖，景色壮丽。', '吉林省白山市', 'https://tse1-mm.cn.bing.net/th/id/OIP-C.zGUXng2Vy3V9jpSC_g0nvgHaFN?w=288&h=203&c=7&r=0&o=5&dpr=1.5&pid=1.7', 120, 2, 'Jilin'),
 (23, '大兴安岭森林', '中国最大的天然林区，生态资源丰富。', '黑龙江省大兴安岭地区', 'https://tse4-mm.cn.bing.net/th/id/OIP-C.sU93kL3B7v6XdP4wibUSkAHaFQ?w=234&h=180&c=7&r=0&o=5&dpr=1.5&pid=1.7', 50, 2, 'Heilongjiang'),
 (24, '北海公园', '中国著名的皇家园林之一，以湖泊和建筑闻名。', '北京市', 'https://tse2-mm.cn.bing.net/th/id/OIP-C.vS2fOp-R8RCa2_8rxs9rSAHaEK?w=263&h=180&c=7&r=0&o=5&dpr=1.5&pid=1.7', 30, 2, 'Beijing'),
 (25, '颐和园', '世界文化遗产，中国现存规模最大、保存最完整的皇家园林。', '北京市', 'https://tse2-mm.cn.bing.net/th/id/OIP-C.x-6vPCUZYjEl725Z5IWx5gHaEk?w=263&h=180&c=7&r=0&o=5&dpr=1.5&pid=1.7', 50, 2, 'Beijing'),
 (26, '塔尔寺', '藏传佛教黄教六大寺院之一，充满浓郁宗教氛围。', '青海省西宁市', 'https://tse3-mm.cn.bing.net/th/id/OIP-C.MxzyIHe1e4Lyrw1msfA6FwHaE7?w=241&h=180&c=7&r=0&o=5&dpr=1.5&pid=1.7', 70, 2, 'Qinghai'),
 (27, '江郎山', '世界自然遗产，以“三爿石”奇观著称。', '浙江省衢州市', 'https://tse1-mm.cn.bing.net/th/id/OIP-C._YlUNPL3oQdV2t2RwjBptQHaE6?w=276&h=183&c=7&r=0&o=5&dpr=1.5&pid=1.7', 50, 2, 'Zhejiang'),
 (28, '滇池', '中国著名的高原湖泊，以风景如画闻名。', '云南省昆明市', 'https://tse4-mm.cn.bing.net/th/id/OIP-C.J6gxFpRKDXt9ybP-mt2KpQHaE7?w=286&h=191&c=7&r=0&o=5&dpr=1.5&pid=1.7', 40, 2, 'Yunnan'),
 (29, '秦始皇陵兵马俑', '世界文化遗产，被誉为“世界第八大奇迹”。', '陕西省西安市', 'https://tse1-mm.cn.bing.net/th/id/OIP-C.rgwsUuAQrlpiVkHzdRI6sAHaF3?w=227&h=180&c=7&r=0&o=5&dpr=1.5&pid=1.7', 150, 2, 'Shaanxi'),
 (30, '白云山', '世界地质公园，岭南第一山。', '广东省广州市', 'https://tse3-mm.cn.bing.net/th/id/OIP-C._cSLVi3aUq27u50n0xAIEAHaEK?w=301&h=180&c=7&r=0&o=5&dpr=1.5&pid=1.7', 60, 2, 'Guangdong'),
 (31, '龙虎山', '世界自然遗产，以丹霞地貌和道教文化闻名。', '江西省鹰潭市', 'https://tse3-mm.cn.bing.net/th/id/OIP-C.NqhrIFCG12_aLeQC04Y5iAHaEJ?w=334&h=187&c=7&r=0&o=5&dpr=1.5&pid=1.7', 80, 2, 'Jiangxi'),
 (32, '丹霞山', '广东省韶关市的世界自然遗产地，以其独特的丹霞地貌而闻名。', '广东省韶关市', 'https://th.bing.com/th/id/OIP.UWyYXDPRi7r4QFOyrvrBNwHaET?w=305&h=180&c=7&r=0&o=5&dpr=1.5&pid=1.7', 100, 2, 'Guangdong'),
 (33, '古文化街', '天津市的传统文化街区，保存有大量的历史建筑和传统手工艺。', '天津市', 'https://tse3-mm.cn.bing.net/th/id/OIP-C.3ovxgsH3q-crWympsM5_jQHaE8?w=294&h=196&c=7&r=0&o=5&dpr=1.5&pid=1.7', 30, 2, 'Tianjin'),
 (34, '天津之眼', '天津市著名的摩天轮，位于海河之上，是天津的地标之一。', '天津市', 'https://tse2-mm.cn.bing.net/th/id/OIP-C.6_rLMKAcMBS4_JmrcNzrHwHaE8?w=237&h=180&c=7&r=0&o=5&dpr=1.5&pid=1.7', 50, 2, 'Tianjin'),
 (35, '开平碉楼与村落', '广东省江门市的世界文化遗产，以独特的华侨建筑风格和历史文化价值著称。', '广东省江门市开平', 'https://th.bing.com/th/id/OIP.Mp1yC26lre4ZOlMO_rLdBQHaE6?w=273&h=181&c=7&r=0&o=5&dpr=1.5&pid=1.7', 60, 2, 'Guangdong'),
 (36, '赵州桥', '世界上最古老的石拱桥之一，具有深远的历史和文化价值。', '河北省赵县', 'https://tse1-mm.cn.bing.net/th/id/OIP-C.8H6mnfek3-nbr4TcDmplYQHaE7?w=282&h=188&c=7&r=0&o=5&dpr=1.5&pid=1.7', 30, 2, 'Hebei'),
 (37, '解放碑', '重庆市最繁华的商业区，代表重庆的现代化与发展。', '重庆市', 'https://tse2-mm.cn.bing.net/th/id/OIP-C.dDH-GkNt6hQ51qmixjlmKAHaLb?w=186&h=287&c=7&r=0&o=5&dpr=1.5&pid=1.7', 40, 2, 'Chongqing'),
 (38, '大足石刻', '中国著名的佛教石刻艺术遗址，联合国世界遗产之一。', '重庆市', 'https://tse1-mm.cn.bing.net/th/id/OIP-C.Agc45gINCqJIe4yFzCDYkQHaFR?w=255&h=182&c=7&r=0&o=5&dpr=1.5&pid=1.7', 80, 2, 'Chongqing'),
 (39, '外滩', '上海市著名的历史文化地标，沿岸有众多欧式建筑。', '上海市', 'https://tse3-mm.cn.bing.net/th/id/OIP-C.1ivQylojXXIXDM_a2ASZ2QHaE8?w=303&h=202&c=7&r=0&o=5&dpr=1.5&pid=1.7', 50, 2, 'Shanghai'),
 (40, '东方明珠塔', '上海的标志性建筑之一，提供俯瞰全市的美丽景观。', '上海市', 'https://tse4-mm.cn.bing.net/th/id/OIP-C.AXeH0YZ5-HE-7-PSjyti5wHaJv?w=186&h=245&c=7&r=0&o=5&dpr=1.5&pid=1.7', 120, 2, 'Shanghai'),
 (41, '沈阳故宫', '清朝的皇宫之一，保存了丰富的历史文化遗产。', '辽宁省沈阳市', 'https://tse1-mm.cn.bing.net/th/id/OIP-C.IsRBSpnXR9HWwORQghxMEgHaE8?w=274&h=183&c=7&r=0&o=5&dpr=1.5&pid=1.7', 60, 2, 'Liaoning'),
 (42, '大连老虎滩', '著名的海滨景区，有着独特的海洋动物表演和美丽的海景。', '辽宁省大连市', 'https://tse3-mm.cn.bing.net/th/id/OIP-C.gzJGNE3wGisf279E_3479QHaC6?w=303&h=137&c=7&r=0&o=5&dpr=1.5&pid=1.7', 80, 2, 'Liaoning'),
 (43, '夫子庙', '南京的历史文化街区，融合了古老的文化和现代化的商业气息。', '江苏省南京市', 'https://tse1-mm.cn.bing.net/th/id/OIP-C.DQwRgamr4iVSSwYb3wUG2AHaE7?w=263&h=180&c=7&r=0&o=5&dpr=1.5&pid=1.7', 50, 2, 'Jiangsu'),
 (44, '苏州园林', '中国古典园林的代表，充满了水景、山景和亭阁。', '江苏省苏州市', 'https://tse4-mm.cn.bing.net/th/id/OIP-C.yOthN8tj4TPrUu-1tFbA9AHaFu?w=240&h=185&c=7&r=0&o=5&dpr=1.5&pid=1.7', 70, 2, 'Jiangsu'),
 (45, '莫高窟', '中国四大石窟之一，著名的佛教艺术遗址，世界文化遗产。', '甘肃省敦煌市', 'https://tse3-mm.cn.bing.net/th/id/OIP-C.axTivJs7NuR9qTNbmj7huwHaFj?w=252&h=189&c=7&r=0&o=5&dpr=1.5&pid=1.7', 100, 2, 'Gansu'),
 (46, '天水麦积山', '中国著名的佛教石窟群，保存了大量精美的壁画和雕塑。', '甘肃省天水市', 'https://tse3-mm.cn.bing.net/th/id/OIP-C.SNud4ZAVECNyyQVN3FP83gHaE7?w=276&h=184&c=7&r=0&o=5&dpr=1.5&pid=1.7', 60, 2, 'Gansu'),
 (47, '桂林漓江', '桂林山水甲天下，漓江的美景被誉为中国最美的水域景观。', '广西省桂林市', 'https://tse4-mm.cn.bing.net/th/id/OIP-C.L-sROSqWZbMWGJ45lpFh7wHaFD?w=248&h=180&c=7&r=0&o=5&dpr=1.5&pid=1.7', 150, 2, 'Guangxi'),
 (48, '阳朔西街', '阳朔古镇的中心街区，以其独特的风光和丰富的文化而闻名。', '广西省阳朔县', 'https://tse1-mm.cn.bing.net/th/id/OIP-C.USUociQdH1Q-Xok4KdhRRQHaE8?w=267&h=180&c=7&r=0&o=5&dpr=1.5&pid=1.7', 50, 2, 'Guangxi'),
 (49, '三亚天涯海角', '三亚最著名的旅游景区之一，以美丽的海岸线和奇特的岩石景观著称。', '海南省三亚市', 'https://tse3-mm.cn.bing.net/th/id/OIP-C.DXuuebv24Qk6TRUCH67tIwHaE8?w=268&h=180&c=7&r=0&o=5&dpr=1.5&pid=1.7', 120, 2, 'Hainan'),
 (50, '亚龙湾', '以清澈的海水和美丽的沙滩闻名，是理想的度假胜地。', '海南省三亚市', 'https://tse3-mm.cn.bing.net/th/id/OIP-C.lnxjodokbOW5F05AxdnmfwHaFA?w=254&h=180&c=7&r=0&o=5&dpr=1.5&pid=1.7', 100, 2, 'Hainan'),
 (51, '呼伦贝尔草原', '中国最美的草原之一，是体验蒙古族文化的好地方。', '内蒙古自治区呼伦贝尔市', 'https://tse3-mm.cn.bing.net/th/id/OIP-C.Yl_EpgL4sO3ohdvNGhi1iwHaFj?w=213&h=180&c=7&r=0&o=5&dpr=1.5&pid=1.7', 80, 2, 'Inner Mongolia'),
 (52, '大同云冈石窟', '世界文化遗产之一，保存有大量的佛教雕刻艺术。', '内蒙古自治区大同市', 'https://tse4-mm.cn.bing.net/th/id/OIP-C.CKHAFghKty9caaLhrFbtsgHaE5?w=278&h=184&c=7&r=0&o=5&dpr=1.5&pid=1.7', 60, 2, 'Inner Mongolia'),
 (53, '黄果树瀑布', '中国最大最宽的瀑布之一，景区风景如画。', '贵州省安顺市', 'https://tse2-mm.cn.bing.net/th/id/OIP-C.k422XfC9eGx1qBlhMy_Q6wHaFj?w=228&h=180&c=7&r=0&o=5&dpr=1.5&pid=1.7', 80, 2, 'Guizhou'),
 (54, '梵净山', '世界自然遗产，素有“贵州屋脊”之称。', '贵州省铜仁市', 'https://tse4-mm.cn.bing.net/th/id/OIP-C.ViR_pt3BnToAT8sqfPKkYAHaE8?w=304&h=202&c=7&r=0&o=5&dpr=1.5&pid=1.7', 90, 2, 'Guizhou'),
 (55, '沙湖', '宁夏著名的湿地景区，融合了自然与人文景观。', '宁夏回族自治区银川市', 'https://tse2-mm.cn.bing.net/th/id/OIP-C.Ln8P_9YwAMZKSLyRq0RtbgHaE6?w=256&h=180&c=7&r=0&o=5&dpr=1.5&pid=1.7', 60, 2, 'Ningxia'),
 (56, '中卫沙坡头', '独特的沙漠景观，是探险与休闲的好去处。', '宁夏回族自治区中卫市', 'https://tse2-mm.cn.bing.net/th/id/OIP-C.b761V8EgtUVux_r1wnX1owHaFj?w=221&h=180&c=7&r=0&o=5&dpr=1.5&pid=1.7', 70, 2, 'Ningxia'),
 (57, '维多利亚港', '香港最著名的海港，夜景美丽，是香港的象征。', '香港特别行政区', 'https://tse2-mm.cn.bing.net/th/id/OIP-C.uGwPA-2x-zd1lVhCkfXiGwHaE7?w=252&h=180&c=7&r=0&o=5&dpr=1.5&pid=1.7', 50, 2, 'Hong Kong'),
 (58, '香港迪士尼乐园', '全球知名的主题公园，带来无限乐趣与童话世界。', '香港特别行政区', 'https://tse4-mm.cn.bing.net/th/id/OIP-C._2t6haUDCrkJfZ03dc6nXAHaE7?w=288&h=192&c=7&r=0&o=5&dpr=1.5&pid=1.7', 200, 2, 'Hong Kong'),
 (59, '澳门塔', '提供全景视角，游客可以享受极限运动等体验。', '澳门特别行政区', 'https://tse3-mm.cn.bing.net/th/id/OIP-C.9T-7tOEpejTx3FiXq3puNQHaE8?w=251&h=180&c=7&r=0&o=5&dpr=1.5&pid=1.7', 120, 2, 'Macau'),
 (60, '大三巴牌坊', '澳门的标志性建筑，历史悠久，曾为圣保禄学院的一部分。', '澳门特别行政区', 'https://tse4-mm.cn.bing.net/th/id/OIP-C.lgfGiJ_4wNvSx0-bYQCzjwHaFc?w=262&h=193&c=7&r=0&o=5&dpr=1.5&pid=1.7', 40, 2, 'Macau'),
 (61, '台北故宫博物院', '世界四大博物馆之一，收藏了大量的中华文化瑰宝。', '台湾省台北市', 'https://tse2-mm.cn.bing.net/th/id/OIP-C.zUyVYMd-Lp5tFFCUjc-49wHaEu?w=285&h=182&c=7&r=0&o=5&dpr=1.5&pid=1.7', 150, 2, 'Taiwan'),
 (62, '日月潭', '台湾最大的湖泊，风景如画，是重要的旅游胜地。', '台湾省南投县', 'https://tse2-mm.cn.bing.net/th/id/OIP-C.eghbRKkksr9E6p-pilOpfQHaEK?w=283&h=180&c=7&r=0&o=5&dpr=1.5&pid=1.7', 60, 2, 'Taiwan'),
 (63, '黄鹤楼', '湖北省武汉市的标志性建筑，始建于三国时期，是中国著名的古楼之一。', '湖北省武汉市', 'https://th.bing.com/th/id/OIP.lXs8cHZxj-1qGXfa5sMT5wHaFu?w=255&h=196&c=7&r=0&o=5&dpr=1.5&pid=1.7', 80, 3, 'Hubei'),
 (64, '神农架', '湖北省著名的自然保护区，以原始森林和丰富的生物多样性闻名。', '湖北省神农架林区', 'https://th.bing.com/th/id/OIP.jgyeyFHheF1g1PC3b_55SAHaFC?w=249&h=180&c=7&r=0&o=5&dpr=1.5&pid=1.7
', 150, 3, 'Hubei');


INSERT INTO `attractions_reservation` (id, date, time, num_people, total_price, contact_name, contact_phone, note, created_at, attraction_id, user_id, is_paid, payment_date, status) 
VALUES (1, '2024-11-23', '08:32:00', 2, 30, '123345678', '123456788', 'now', '2024-11-10 00:29:56.987991', 1, 3, 1, '2024-11-11 01:09:42.335458+00:00', 'reject'),
    (2, '2024-11-23', '08:32:00', 2, 30, '123345678', '123456788', 'now', '2024-11-10 00:33:24.744228', 2, 3, 1, '2024-11-11 01:09:42.335458+00:00', 'approve'),
    (3, '2024-11-23', '08:32:00', 2, 30, '123345678', '123456788', 'now', '2024-11-10 01:20:25.221898', 3, 3, 0, NULL, Null),
    (4, '2024-11-23', '09:28:00', 1, 90, '1234567', '1234567', 'nio', '2024-11-10 01:25:19.372644', 4, 3, 0, NULL,Null ),
	(5,'2024-11-23','16:50:00',5,100,'李a华','1234567','我希望有一个愉快的旅行','2024-11-11 16:51:34.173465',21,3,1,'2024-11-11 16:51:28','approved'),
	(6, '2024-11-24', '08:32:00', 2, 30, '123345678', '123456788', 'now', '2024-11-10 00:29:56.987991', 5, 3, 1, '2024-11-11 01:09:42.335458+00:00', 'reject'),
    (7, '2024-11-24', '08:32:00', 2, 30, '123345678', '123456788', 'now', '2024-11-10 00:33:24.744228', 6, 3, 1, '2024-11-11 01:09:42.335458+00:00', 'approve'),
    (8, '2024-11-24', '08:32:00', 2, 30, '123345678', '123456788', 'now', '2024-11-10 01:20:25.221898', 7, 3, 0, NULL, Null),
    (9, '2024-11-24', '09:28:00', 1, 90, '1234567', '1234567', 'nio', '2024-11-10 01:25:19.372644', 8, 3, 0, NULL,Null ),
	(10, '2024-11-25', '08:32:00', 2, 30, '123345678', '123456788', 'now', '2024-11-10 00:29:56.987991', 9, 3, 1, '2024-11-11 01:09:42.335458+00:00', 'reject'),
    (11, '2024-11-25', '08:32:00', 2, 30, '123345678', '123456788', 'now', '2024-11-10 00:33:24.744228', 10, 3, 1, '2024-11-11 01:09:42.335458+00:00', 'approve'),
    (12, '2024-11-25', '08:32:00', 2, 30, '123345678', '123456788', 'now', '2024-11-10 01:20:25.221898', 11, 3, 0, NULL, Null),
    (13, '2024-11-25', '09:28:00', 1, 90, '1234567', '1234567', 'nio', '2024-11-10 01:25:19.372644', 12, 3, 0, NULL,Null ),
	(14, '2024-11-25', '08:32:00', 2, 30, '123345678', '123456788', 'now', '2024-11-10 00:29:56.987991', 13, 3, 1, '2024-11-11 01:09:42.335458+00:00', 'reject'),
    (15, '2024-11-26', '08:32:00', 2, 30, '123345678', '123456788', 'now', '2024-11-10 00:33:24.744228', 14, 3, 1, '2024-11-11 01:09:42.335458+00:00', 'approve'),
    (16, '2024-11-26', '08:32:00', 2, 30, '123345678', '123456788', 'now', '2024-11-10 01:20:25.221898', 15, 3, 0, NULL, Null),
    (17, '2024-11-26', '09:28:00', 1, 90, '1234567', '1234567', 'nio', '2024-11-10 01:25:19.372644', 16, 3, 0, NULL,Null ),
	(18, '2024-11-27', '08:32:00', 2, 30, '123345678', '123456788', 'now', '2024-11-10 00:29:56.987991',17, 3, 1, '2024-11-11 01:09:42.335458+00:00', 'reject'),
    (19, '2024-11-27', '08:32:00', 2, 30, '123345678', '123456788', 'now', '2024-11-10 00:33:24.744228', 18, 3, 1, '2024-11-11 01:09:42.335458+00:00', 'approve'),
    (20, '2024-11-27', '08:32:00', 2, 30, '123345678', '123456788', 'now', '2024-11-10 01:20:25.221898', 19, 3, 0, NULL, Null),
    (21, '2024-11-28', '09:28:00', 1, 90, '1234567', '1234567', 'nio', '2024-11-10 01:25:19.372644', 20, 3, 0, NULL,Null );
 
 
INSERT INTO `attractions_review` (id,rating,comment,created_at,attraction_id,name_id) VALUES 
 (1,5,'风景真的很美，值得一去！','2024-11-10 00:29:56.987991',1,'fool2'),
 (2,4,'导游讲解非常细致，整体体验不错。','2024-11-10 00:29:56.987991',2,'fool2'),
 (3,3,'人太多了，稍微有点拥挤。','2024-11-10 00:29:56.987991',3,'fool2'),
 (4,5,'这是一次难忘的旅行，特别喜欢这里的环境！','2024-11-10 00:29:56.987991',4,'fool2'),
 (5,5,'good，看到了宇宙第一美丽的风景','2024-11-10 00:29:56.987991',5,'fool2'),
 (6,4,'交通便利，设施也不错，就是票价稍贵。','2024-11-10 00:29:56.987991',6,'fool2'),
 (7,2,'失望，和预期的差距有点大。','2024-11-10 00:29:56.987991',7,'fool2'),
 (8,5,'非常棒！尤其是日出的时候特别震撼。','2024-11-10 00:29:56.987991',8,'fool2'),
 (9,4,'适合全家一起游玩，孩子们玩得很开心。','2024-11-10 00:29:56.987991',9,'fool2'),
 (10,3,'风景一般，但历史底蕴很吸引人。','2024-11-10 00:29:56.987991',10,'fool2'),
 (11,5,'绝美风景，感觉身心都得到了放松。','2024-11-10 00:29:56.987991',11,'fool2'),
 (12,4,'景区管理很好，服务也很周到。','2024-11-10 00:29:56.987991',12,'fool2'),
 (13,3,'虽然风景还行，但游玩体验一般。','2024-11-10 00:29:56.987991',13,'fool2'),
 (14,5,'强烈推荐！尤其是晚上灯光秀很震撼。','2024-11-10 00:29:56.987991',14,'fool2'),
 (15,2,'服务态度差，景区维护也不好。','2024-11-10 00:29:56.987991',15,'fool2'),
 (16,5,'从山顶看下去的风景真的很美！','2024-11-10 00:29:56.987991',16,'fool2'),
 (17,4,'不错的选择，适合情侣一起去。','2024-11-10 00:29:56.987991',17,'fool2'),
 (18,3,'游客太多了，感觉不太舒适。','2024-11-10 00:29:56.987991',18,'fool2'),
 (19,5,'历史文化底蕴深厚，很值得一看。','2024-11-10 00:29:56.987991',19,'fool2'),
 (20,4,'停车场有点远，但景色很不错。','2024-11-10 00:29:56.987991',20,'fool2'),
 (21,5,'这里的风景简直让人陶醉，绝对值得一游！','2024-11-10 00:29:56.987991',21,'fool2'),
 (22,4,'环境不错，适合放松心情，但有些地方需要改善。','2024-11-10 00:32:00.123456',28,'fool2'),
 (23,3,'整体还可以，但人太多，稍微有点影响体验。','2024-11-10 00:34:10.654321',30,'fool2'),
 (24,5,'完美的旅行经历，特别推荐！','2024-11-10 00:36:20.987654',32,'fool2'),
 (25,5,'good，看到了宇宙第一美丽的风景','2024-11-10 00:38:30.111222',33,'fool2'),
 (26,4,'整体体验不错，适合家庭出游。','2024-11-10 00:40:40.444555',35,'fool2'),
 (27,2,'没有想象中的好，稍微有些失望。','2024-11-10 00:42:50.777888',37,'fool2'),
 (28,5,'这里的日出美得无法用言语形容，强烈推荐。','2024-11-10 00:45:00.123123',39,'fool2'),
 (29,4,'适合小朋友游玩，一家人一起非常合适。','2024-11-10 00:47:10.654654',42,'fool2'),
 (30,3,'历史景点有趣，但景色一般，不是非常震撼。','2024-11-10 00:49:20.987987',43,'fool2'),
 (31,5,'好美，风景如画，非常值得一游！','2024-11-10 00:29:56.987991',22,'fool2'),
 (32,4,'这个景点人少，很安静，适合放松。','2024-11-10 00:32:12.123456',29,'fool2'),
 (33,3,'有些地方维护不太好，略显陈旧。','2024-11-10 00:35:22.654321',31,'fool2'),
 (34,5,'令人震撼的自然风光，拍照效果极佳！','2024-11-10 00:38:45.789123',34,'fool2'),
 (35,4,'景点非常好，适合一家人一起游玩。','2024-11-10 00:40:55.234567',36,'fool2'),
 (36,3,'虽然风景不错，但游客太多，体验一般。','2024-11-10 00:43:01.111222',38,'fool2'),
 (37,5,'超出预期，值得一游，特别是夜景。','2024-11-10 00:45:30.987654',40,'fool2'),
 (38,2,'设施老化，服务有待改进。','2024-11-10 00:47:10.543210',41,'fool2'),
 (39,4,'景色优美，但人流太多了。','2024-11-10 00:50:02.345678',44,'fool2'),
 (40,5,'一生至少要去一次的地方，风景迷人。','2024-11-10 00:52:44.567890',45,'fool2'),
 (41,4,'适合喜欢历史文化的人，景点有深度。','2024-11-10 00:55:18.123456',46,'fool2'),
 (42,5,'这里的自然景观美得让人陶醉，强烈推荐。','2024-11-10 00:57:30.654321',47,'fool2'),
 (43,3,'景点不大，但可以轻松游玩，适合短途旅行。','2024-11-10 01:00:15.234567',49,'fool2'),
 (44,5,'非常喜欢这个地方，特别是春天的花海。','2024-11-10 01:03:10.987654',50,'fool2'),
 (45,4,'景色不错，但接待服务需要改进。','2024-11-10 01:05:45.123456',51,'fool2'),
 (46,5,'我最喜欢的景点之一，特别适合情侣。','2024-11-10 01:08:01.234567',52,'fool2'),
 (47,4,'风景不错，但有些地方有点过于商业化。','2024-11-10 01:10:22.345678',53,'fool2'),
 (48,3,'景点非常热门，排队时间较长。','2024-11-10 01:13:30.654321',54,'fool2'),
 (49,5,'很震撼，特别喜欢这里的山水景观！','2024-11-10 01:15:50.987654',55,'fool2'),
 (50,4,'很有特色的景点，适合摄影爱好者。','2024-11-10 01:18:10.123456',56,'fool2'),
 (51,5,'风景真的很美，值得一去！','2024-11-10 00:29:56.987991',23,'fool2'),
 (52,4,'导游讲解非常细致，整体体验不错。','2024-11-10 01:00:00.000000',48,'fool2'),
 (53,3,'人太多了，稍微有点拥挤。','2024-11-10 01:30:00.000000',57,'fool2'),
 (54,5,'这是一次难忘的旅行，特别喜欢这里的环境！','2024-11-10 02:00:00.000000',58,'fool2'),
 (55,5,'good，看到了宇宙第一美丽的风景','2024-11-10 02:30:00.000000',59,'fool2'),
 (56,4,'交通便利，设施也不错，就是票价稍贵。','2024-11-10 03:00:00.000000',60,'fool2'),
 (57,2,'失望，和预期的差距有点大。','2024-11-10 03:30:00.000000',61,'fool2'),
 (58,5,'非常棒！尤其是日出的时候特别震撼。','2024-11-10 04:00:00.000000',62,'fool2'),
 (59,4,'适合全家一起游玩，孩子们玩得很开心。','2024-11-10 04:30:00.000000',63,'fool2'),
 (60,3,'风景一般，但历史底蕴很吸引人。','2024-11-10 05:00:00.000000',64,'fool2'),
 (61,5,'非常棒的体验！每个角落都充满惊喜。','2024-11-10 00:29:56.987991',24,'fool2'),
 (62,4,'景色很美，游客稍多，但整体很满意。','2024-11-10 00:30:10.987991',25,'fool2'),
 (63,5,'风景如画，适合拍照留念，非常推荐！','2024-11-10 00:30:25.987991',26,'fool2'),
 (64,3,'景点不错，但人太多了，感觉不太放松。','2024-11-10 00:30:40.987991',27,'fool2');
 
 
 
 